isbn13,predicted_categories
9780002261982,Fiction
9780006280897,Nonfiction
9780006280934,Nonfiction
9780006380832,Nonfiction
9780006470229,Fiction
9780006472612,Fiction
9780006483014,Fiction
9780006483892,Fiction
9780006483908,Fiction
9780006486145,Fiction
9780006490456,Fiction
9780006496434,Fiction
9780006496878,Nonfiction
9780006496892,Fiction
9780006496922,Fiction
9780006498865,Fiction
9780006499169,Fiction
9780006499268,Nonfiction
9780006499626,Fiction
9780006511489,Nonfiction
9780006512677,Fiction
9780006513087,Fiction
9780006514640,Fiction
9780006514855,Fiction
9780006545866,Nonfiction
9780006551393,Fiction
9780006551812,Nonfiction
9780007105045,Nonfiction
9780007111503,Fiction
9780007113804,Fiction
9780007116263,Fiction
9780007117536,Fiction
9780007119332,Fiction
9780007119356,Fiction
9780007120680,Fiction
9780007120697,Fiction
9780007120819,Fiction
9780007120864,Fiction
9780007120871,Fiction
9780007120963,Fiction
9780007120987,Fiction
9780007121007,Fiction
9780007121021,Fiction
9780007121106,Fiction
9780007124015,Fiction
9780007126903,Nonfiction
9780007129652,Fiction
9780007130313,Fiction
9780007135653,Fiction
9780007136582,Fiction
9780007136599,Fiction
9780007137336,Fiction
9780007149124,Fiction
9780007151240,Fiction
9780007151677,Fiction
9780007153589,Nonfiction
9780007154845,Fiction
9780007154883,Fiction
9780007158522,Fiction
9780007162994,Fiction
9780007171996,Fiction
9780007179817,Fiction
9780007179824,Fiction
9780007189953,Fiction
9780007190683,Fiction
9780007191925,Fiction
9780007195718,Fiction
9780007204441,Fiction
9780020867401,Fiction
9780024181909,Nonfiction
9780027897500,Fiction
9780060005696,Nonfiction
9780060391539,Nonfiction
9780060504083,Nonfiction
9780060521998,Nonfiction
9780060529574,Nonfiction
9780060566104,Nonfiction
9780060574215,Nonfiction
9780060577865,Nonfiction
9780060580339,Fiction
9780060582500,Fiction
9780060589462,Nonfiction
9780060730550,Fiction
9780060753634,Nonfiction
9780060754006,Nonfiction
9780060758769,Fiction
9780060765316,Nonfiction
9780060793197,Fiction
9780060815523,Nonfiction
9780060841867,Fiction
9780060844097,Fiction
9780060906825,Nonfiction
9780060916466,Nonfiction
9780060925758,Nonfiction
9780060927516,Fiction
9780060929596,Nonfiction
9780060929602,Nonfiction
9780060936662,Nonfiction
9780060957261,Nonfiction
9780060958336,Nonfiction
9780060973339,Nonfiction
9780060974992,Fiction
9780061129735,Nonfiction
9780061136900,Nonfiction
9780061196676,Nonfiction
9780061196683,Fiction
9780061198755,Fiction
9780062516374,Fiction
9780062700254,Nonfiction
9780064473552,Fiction
9780066620107,Fiction
9780067575208,Fiction
9780071348270,Nonfiction
9780071401944,Nonfiction
9780071418584,Nonfiction
9780071428484,Nonfiction
9780071451383,Nonfiction
9780072226966,Nonfiction
9780072920963,Nonfiction
9780091883768,Fiction
9780091894603,Nonfiction
9780091898243,Fiction
9780099173311,Fiction
9780099273844,Fiction
9780099273868,Fiction
9780099276494,Fiction
9780099282648,Fiction
9780099282969,Fiction
9780099283225,Nonfiction
9780099284482,Nonfiction
9780099285557,Fiction
9780099285564,Fiction
9780099285823,Fiction
9780099297703,Fiction
9780099307914,Fiction
9780099389019,Fiction
9780099409960,Fiction
9780099410355,Fiction
9780099410386,Fiction
9780099421863,Fiction
9780099422341,Fiction
9780099422686,Fiction
9780099422693,Fiction
9780099427865,Fiction
9780099428169,Fiction
9780099428633,Nonfiction
9780099429166,Nonfiction
9780099429791,Fiction
9780099432449,Fiction
9780099436744,Fiction
9780099437529,Fiction
9780099437598,Fiction
9780099446729,Fiction
9780099448464,Fiction
9780099448471,Fiction
9780099448570,Fiction
9780099448754,Fiction
9780099448761,Fiction
9780099448921,Fiction
9780099449867,Fiction
9780099449898,Fiction
9780099453833,Fiction
9780099456452,Fiction
9780099458265,Fiction
9780099460176,Fiction
9780099461098,Nonfiction
9780099461265,Nonfiction
9780099462255,Fiction
9780099468196,Fiction
9780099471370,Fiction
9780099471431,Fiction
9780099472636,Fiction
9780099474128,Fiction
9780099474395,Fiction
9780099474548,Fiction
9780099476351,Fiction
9780099478393,Fiction
9780099478447,Nonfiction
9780099481249,Fiction
9780099481560,Fiction
9780099481683,Fiction
9780099483472,Fiction
9780099490685,Nonfiction
9780099498582,Fiction
9780099498599,Fiction
9780099498636,Fiction
9780099498667,Fiction
9780099556312,Fiction
9780099578512,Nonfiction
9780099582014,Fiction
9780099595816,Fiction
9780099730514,Fiction
9780099748618,Fiction
9780099766810,Fiction
9780099771814,Fiction
9780099801900,Fiction
9780099910107,Fiction
9780099911708,Fiction
9780099928409,Nonfiction
9780130235015,Fiction
9780130887016,Nonfiction
9780131492028,Nonfiction
9780131494848,Nonfiction
9780131730366,Nonfiction
9780131871656,Nonfiction
9780131935075,Nonfiction
9780132197380,Fiction
9780132370455,Nonfiction
9780140071788,Fiction
9780140105834,Fiction
9780140125054,Nonfiction
9780140128468,Nonfiction
9780140137002,Nonfiction
9780140137347,Nonfiction
9780140149241,Fiction
9780140150742,Nonfiction
9780140157512,Fiction
9780140178975,Nonfiction
9780140188264,Fiction
9780140192070,Fiction
9780140196092,Nonfiction
9780140250916,Nonfiction
9780140251579,Fiction
9780140260892,Nonfiction
9780140271577,Fiction
9780140274219,Fiction
9780140277821,Nonfiction
9780140278767,Fiction
9780140281705,Fiction
9780140286014,Nonfiction
9780140296617,Fiction
9780140297973,Nonfiction
9780140299144,Fiction
9780140320435,Fiction
9780140363333,Fiction
9780140364750,Fiction
9780140441376,Fiction
9780140442571,Nonfiction
9780140443073,Nonfiction
9780140443943,Fiction
9780140446043,Nonfiction
9780140446166,Fiction
9780140447200,Fiction
9780140568196,Fiction
9780140620474,Fiction
9780140620634,Fiction
9780140817782,Fiction
9780141002989,Fiction
9780141007458,Fiction
9780141010311,Fiction
9780141010373,Nonfiction
9780141013954,Fiction
9780141014081,Fiction
9780141015088,Fiction
9780141019994,Nonfiction
9780141180946,Fiction
9780141182582,Nonfiction
9780141182865,Fiction
9780141183022,Fiction
9780141183220,Fiction
9780141183350,Fiction
9780141184272,Fiction
9780141184289,Fiction
9780141184296,Fiction
9780141184845,Fiction
9780141184999,Fiction
9780141185132,Fiction
9780141185750,Fiction
9780141185934,Fiction
9780141187068,Fiction
9780141187884,Fiction
9780141307411,Fiction
9780141309408,Fiction
9780141311357,Nonfiction
9780141311401,Fiction
9780141311883,Fiction
9780141314570,Fiction
9780141318301,Fiction
9780142003268,Fiction
9780142003343,Nonfiction
9780142003565,Nonfiction
9780142437117,Nonfiction
9780143030904,Fiction
9780143036357,Fiction
9780143036838,Nonfiction
9780143036975,Nonfiction
9780143037392,Nonfiction
9780143037682,Fiction
9780143037835,Nonfiction
9780143038825,Nonfiction
9780152758516,Fiction
9780156001458,Fiction
9780156027786,Fiction
9780156032391,Nonfiction
9780156189217,Fiction
9780156260275,Fiction
9780156949606,Fiction
9780192752536,Fiction
9780192823311,Fiction
9780192833006,Nonfiction
9780192837684,Nonfiction
9780192838971,Fiction
9780192839701,Fiction
9780195061666,Fiction
9780195108965,Nonfiction
9780195135794,Nonfiction
9780195144819,Nonfiction
9780195325928,Nonfiction
9780198601739,Nonfiction
9780201748673,Nonfiction
9780205479801,Nonfiction
9780224060875,Nonfiction
9780224063029,Nonfiction
9780224064736,Nonfiction
9780224072656,Fiction
9780226025971,Nonfiction
9780226134345,Nonfiction
9780226307787,Nonfiction
9780226307800,Nonfiction
9780226675763,Nonfiction
9780226817415,Nonfiction
9780231073370,Fiction
9780231104470,Nonfiction
9780231124928,Nonfiction
9780231138703,Fiction
9780237526887,Fiction
9780240805412,Fiction
9780240806082,Nonfiction
9780241003008,Fiction
9780241142462,Nonfiction
9780241912720,Fiction
9780253214690,Nonfiction
9780261102255,Fiction
9780261102422,Fiction
9780261103665,Fiction
9780262510875,Nonfiction
9780262532556,Nonfiction
9780262570213,Nonfiction
9780262571036,Nonfiction
9780262611336,Nonfiction
9780262611350,Nonfiction
9780262632553,Nonfiction
9780262740159,Fiction
9780273661948,Nonfiction
9780273704744,Nonfiction
9780285633148,Nonfiction
9780285635944,Nonfiction
9780285647473,Nonfiction
9780285647879,Fiction
9780285648111,Nonfiction
9780299125400,Nonfiction
9780300000894,Nonfiction
9780300090956,Nonfiction
9780300091694,Nonfiction
9780300093049,Nonfiction
9780306808821,Fiction
9780306808906,Fiction
9780306809323,Fiction
9780306814556,Fiction
9780307236012,Fiction
9780307238276,Nonfiction
9780307277671,Fiction
9780307337337,Fiction
9780307337931,Nonfiction
9780307345974,Fiction
9780307346582,Nonfiction
9780310264132,Nonfiction
9780310929550,Nonfiction
9780312062354,Nonfiction
9780312143404,Fiction
9780312151225,Nonfiction
9780312157111,Nonfiction
9780312183011,Fiction
9780312241353,Nonfiction
9780312266059,Fiction
9780312274924,Fiction
9780312286217,Nonfiction
9780312304461,Fiction
9780312311339,Nonfiction
9780312313678,Nonfiction
9780312319731,Nonfiction
9780312354374,Fiction
9780312360115,Fiction
9780312360863,Nonfiction
9780312423377,Nonfiction
9780312424688,Nonfiction
9780312975739,Nonfiction
9780312982010,Nonfiction
9780316015844,Fiction
9780316016650,Nonfiction
9780316156110,Nonfiction
9780316159722,Fiction
9780316172325,Nonfiction
9780316281331,Fiction
9780316294522,Fiction
9780316341516,Fiction
9780316578998,Fiction
9780316910330,Fiction
9780316912129,Fiction
9780316919890,Nonfiction
9780321209184,Nonfiction
9780321276230,Nonfiction
9780330257312,Fiction
9780330281720,Fiction
9780330304214,Fiction
9780330314916,Fiction
9780330316255,Fiction
9780330338813,Fiction
9780330340199,Fiction
9780330340328,Fiction
9780330345040,Fiction
9780330347761,Nonfiction
9780330351690,Nonfiction
9780330353823,Fiction
9780330363686,Fiction
9780330367349,Fiction
9780330371223,Fiction
9780330371230,Fiction
9780330371247,Nonfiction
9780330373579,Nonfiction
9780330375467,Fiction
9780330398046,Fiction
9780330412445,Nonfiction
9780330418881,Fiction
9780330419123,Fiction
9780330419154,Nonfiction
9780330419581,Nonfiction
9780330419642,Fiction
9780330433136,Nonfiction
9780330481915,Nonfiction
9780330484770,Fiction
9780330487108,Fiction
9780330487153,Fiction
9780330487191,Fiction
9780330488150,Fiction
9780330491198,Fiction
9780333666388,Nonfiction
9780333904916,Nonfiction
9780340425671,Fiction
9780340637876,Fiction
9780340689608,Fiction
9780340692912,Fiction
9780340766163,Fiction
9780340769201,Fiction
9780340774779,Nonfiction
9780340796153,Nonfiction
9780340820469,Fiction
9780340828069,Nonfiction
9780340829776,Fiction
9780340831205,Nonfiction
9780340837955,Fiction
9780340838037,Nonfiction
9780340850626,Fiction
9780345251220,Fiction
9780345339737,Fiction
9780345346292,Fiction
9780345409706,Fiction
9780345422408,Fiction
9780345438713,Nonfiction
9780345440143,Fiction
9780345449023,Fiction
9780345484291,Fiction
9780345485281,Fiction
9780345485328,Fiction
9780345487421,Nonfiction
9780345494764,Fiction
9780345915597,Fiction
9780349100470,Fiction
9780349100562,Nonfiction
9780349102504,Fiction
9780349105307,Fiction
9780349106717,Nonfiction
9780349107868,Nonfiction
9780349110011,Nonfiction
9780349111889,Fiction
9780349113463,Nonfiction
9780349113487,Fiction
9780349113913,Nonfiction
9780349116303,Nonfiction
9780349116648,Fiction
9780349117041,Fiction
9780370307121,Fiction
9780374131944,Fiction
9780374280390,Fiction
9780374292799,Nonfiction
9780374516000,Nonfiction
9780374522599,Fiction
9780374522872,Nonfiction
9780374528539,Fiction
9780374626235,Fiction
9780375415036,Nonfiction
9780375422713,Fiction
9780375507151,Nonfiction
9780375507908,Fiction
9780375509179,Nonfiction
9780375701474,Nonfiction
9780375701801,Nonfiction
9780375703409,Nonfiction
9780375703867,Fiction
9780375704055,Nonfiction
9780375708213,Nonfiction
9780375713934,Nonfiction
9780375714337,Nonfiction
9780375714498,Nonfiction
9780375714627,Fiction
9780375714634,Fiction
9780375724954,Nonfiction
9780375726217,Nonfiction
9780375752193,Fiction
9780375759864,Nonfiction
9780375760396,Nonfiction
9780375760945,Nonfiction
9780375806704,Fiction
9780380713806,Nonfiction
9780380713813,Nonfiction
9780380715435,Nonfiction
9780380727506,Fiction
9780380815937,Fiction
9780380898039,Fiction
9780385315173,Nonfiction
9780385325332,Fiction
9780385493628,Fiction
9780385495172,Nonfiction
9780385495226,Nonfiction
9780385497145,Nonfiction
9780385603102,Fiction
9780385604833,Nonfiction
9780385607018,Fiction
9780387987200,Nonfiction
9780393011838,Fiction
9780393040586,Nonfiction
9780393059168,Fiction
9780393311037,Nonfiction
9780393315110,Nonfiction
9780393320039,Fiction
9780393320923,Nonfiction
9780393321630,Nonfiction
9780393322576,Fiction
9780393323528,Fiction
9780393324815,Nonfiction
9780393324860,Nonfiction
9780393329124,Fiction
9780393703276,Nonfiction
9780393703351,Nonfiction
9780393927207,Fiction
9780393959055,Nonfiction
9780394733524,Fiction
9780394832203,Fiction
9780395740101,Nonfiction
9780395809990,Fiction
9780395877432,Nonfiction
9780399153891,Nonfiction
9780399226908,Fiction
9780413735904,Fiction
9780413771605,Fiction
9780413772329,Fiction
9780413772428,Fiction
9780415266710,Fiction
9780415283045,Nonfiction
9780415926324,Nonfiction
9780425134351,Fiction
9780425144374,Fiction
9780425197387,Fiction
9780425198322,Nonfiction
9780434009053,Fiction
9780435233075,Fiction
9780435233396,Fiction
9780439321624,Nonfiction
9780439341202,Fiction
9780439389846,Nonfiction
9780439405577,Nonfiction
9780439569729,Nonfiction
9780439803632,Fiction
9780439810715,Nonfiction
9780439812313,Fiction
9780439862691,Fiction
9780439944397,Fiction
9780439959049,Fiction
9780439968089,Fiction
9780439994125,Fiction
9780439994798,Fiction
9780439999267,Fiction
9780440215813,Fiction
9780440412243,Fiction
9780440421702,Fiction
9780440506812,Nonfiction
9780440910817,Nonfiction
9780440936855,Fiction
9780443066016,Nonfiction
9780446526128,Nonfiction
9780446578271,Nonfiction
9780446578844,Nonfiction
9780446579780,Nonfiction
9780446670784,Nonfiction
9780446673785,Fiction
9780446677493,Nonfiction
9780446691864,Fiction
9780449452691,Fiction
9780449702024,Nonfiction
9780449908402,Nonfiction
9780450040184,Fiction
9780450524684,Fiction
9780451160317,Fiction
9780451163080,Nonfiction
9780451190758,Fiction
9780451203267,Fiction
9780451211477,Fiction
9780452268180,Nonfiction
9780452273085,Fiction
9780452274426,Nonfiction
9780452276963,Nonfiction
9780452281325,Nonfiction
9780452284234,Fiction
9780452284982,Nonfiction
9780465014873,Nonfiction
9780465014903,Fiction
9780465016907,Nonfiction
9780465017744,Nonfiction
9780465031269,Fiction
9780465037384,Nonfiction
9780465070596,Nonfiction
9780465081431,Nonfiction
9780470038321,Nonfiction
9780470043608,Nonfiction
9780470045299,Nonfiction
9780470046043,Fiction
9780471133124,Nonfiction
9780471292456,Nonfiction
9780471292517,Fiction
9780471648796,Fiction
9780471705222,Fiction
9780471714392,Nonfiction
9780471738848,Nonfiction
9780471758181,Nonfiction
9780471773863,Nonfiction
9780471780939,Nonfiction
9780472064847,Nonfiction
9780486218434,Nonfiction
9780486249445,Fiction
9780486256078,Nonfiction
9780486256429,Fiction
9780486274287,Nonfiction
9780486281223,Fiction
9780486287591,Fiction
9780486414232,Fiction
9780486427591,Nonfiction
9780486447780,Nonfiction
9780500050965,Nonfiction
9780500203477,Nonfiction
9780515140873,Fiction
9780517091265,Fiction
9780517119129,Fiction
9780517168950,Fiction
9780517543054,Nonfiction
9780520204959,Nonfiction
9780520239326,Nonfiction
9780520246331,Nonfiction
9780521009379,Nonfiction
9780521386739,Nonfiction
9780521750844,Fiction
9780525947264,Nonfiction
9780529123459,Fiction
9780534491826,Nonfiction
9780534613037,Nonfiction
9780552135399,Fiction
9780552146784,Fiction
9780552148085,Fiction
9780552148108,Fiction
9780552152167,Nonfiction
9780552152945,Fiction
9780552152952,Fiction
9780552153157,Fiction
9780552153577,Fiction
9780552154284,Fiction
9780552548229,Fiction
9780552548632,Fiction
9780552554275,Fiction
9780552771849,Fiction
9780552773089,Nonfiction
9780552995801,Nonfiction
9780552997775,Fiction
9780552997997,Fiction
9780552998000,Fiction
9780552998017,Fiction
9780552998482,Fiction
9780552998680,Fiction
9780552998765,Fiction
9780552998772,Fiction
9780552998789,Fiction
9780552998819,Fiction
9780552998833,Fiction
9780552998871,Fiction
9780553053401,Nonfiction
9780553077728,Nonfiction
9780553135428,Fiction
9780553157161,Fiction
9780553213447,Nonfiction
9780553233506,Nonfiction
9780553267600,Fiction
9780553270624,Fiction
9780553299618,Nonfiction
9780553375268,Fiction
9780553381412,Nonfiction
9780553384284,Fiction
9780553409024,Fiction
9780553584974,Fiction
9780553763256,Fiction
9780553803525,Nonfiction
9780553813531,Fiction
9780553813951,Nonfiction
9780553815023,Fiction
9780553815399,Nonfiction
9780553816952,Nonfiction
9780553817065,Fiction
9780553817072,Fiction
9780563486497,Fiction
9780571084838,Fiction
9780571143726,Fiction
9780571161157,Nonfiction
9780571164660,Fiction
9780571169207,Fiction
9780571191031,Fiction
9780571193783,Fiction
9780571200610,Fiction
9780571201136,Nonfiction
9780571201150,Nonfiction
9780571201754,Nonfiction
9780571202119,Fiction
9780571202805,Fiction
9780571203031,Fiction
9780571203123,Nonfiction
9780571203154,Fiction
9780571205219,Nonfiction
9780571206926,Fiction
9780571207084,Nonfiction
9780571207565,Fiction
9780571209057,Fiction
9780571210916,Nonfiction
9780571212927,Fiction
9780571215164,Fiction
9780571217359,Fiction
9780571218851,Fiction
9780571219711,Fiction
9780571224388,Fiction
9780571225552,Fiction
9780571226337,Fiction
9780575066892,Fiction
9780575068858,Fiction
9780575073357,Fiction
9780575075597,Fiction
9780575075825,Fiction
9780575076815,Fiction
9780575402904,Fiction
9780582418172,Fiction
9780582461468,Fiction
9780586066881,Fiction
9780586071397,Fiction
9780586210680,Nonfiction
9780590254762,Fiction
9780590321143,Fiction
9780590422673,Fiction
9780590428880,Fiction
9780590488150,Nonfiction
9780590764704,Fiction
9780590975001,Fiction
9780593040591,Nonfiction
9780593043165,Nonfiction
9780595272099,Fiction
9780596003067,Nonfiction
9780596006624,Fiction
9780596006792,Fiction
9780596527419,Nonfiction
9780600601166,Nonfiction
9780609610572,Nonfiction
9780618260225,Fiction
9780618446711,Fiction
9780618446872,Nonfiction
9780618479030,Nonfiction
9780618506910,Nonfiction
9780618586455,Nonfiction
9780618640140,Fiction
9780618710539,Nonfiction
9780618773558,Nonfiction
9780634041129,Fiction
9780670034666,Nonfiction
9780670820559,Nonfiction
9780670910618,Fiction
9780670913527,Fiction
9780670915415,Nonfiction
9780671035976,Fiction
9780671417017,Nonfiction
9780671447205,Fiction
9780671519988,Nonfiction
9780671631987,Nonfiction
9780671763794,Nonfiction
9780671792800,Nonfiction
9780671854058,Fiction
9780674018297,Nonfiction
9780674644847,Nonfiction
9780674705593,Nonfiction
9780674802803,Nonfiction
9780674992023,Nonfiction
9780674992559,Fiction
9780674995666,Nonfiction
9780676977110,Fiction
9780679411673,Fiction
9780679451211,Fiction
9780679723134,Fiction
9780679724698,Nonfiction
9780679726098,Fiction
9780679730613,Nonfiction
9780679734789,Fiction
9780679772675,Fiction
9780684813219,Fiction
9780684831831,Nonfiction
9780684842233,Nonfiction
9780684844077,Fiction
9780684845777,Nonfiction
9780684854465,Nonfiction
9780684854670,Nonfiction
9780684867489,Nonfiction
9780684873206,Nonfiction
9780688039691,Nonfiction
9780688052300,Fiction
9780688094553,Nonfiction
9780688140717,Nonfiction
9780688152024,Nonfiction
9780688153878,Nonfiction
9780688166250,Nonfiction
9780688171629,Nonfiction
9780688172176,Fiction
9780688172244,Fiction
9780689852237,Fiction
9780689861130,Fiction
9780691017778,Nonfiction
9780691019628,Nonfiction
9780691037387,Nonfiction
9780691096100,Nonfiction
9780691119427,Nonfiction
9780701179793,Fiction
9780712645621,Nonfiction
9780713998788,Nonfiction
9780713998948,Fiction
9780714530031,Fiction
9780715633991,Fiction
9780716799566,Nonfiction
9780718144463,Fiction
9780718149291,Fiction
9780719045783,Nonfiction
9780719566226,Fiction
9780719566233,Fiction
9780721601946,Nonfiction
9780722533949,Fiction
9780722540404,Fiction
9780727852663,Fiction
9780727853417,Fiction
9780735611313,Nonfiction
9780735617223,Nonfiction
9780739409558,Fiction
9780739412534,Nonfiction
9780739423851,Fiction
9780739439708,Fiction
9780739447345,Fiction
9780739461198,Fiction
9780740720123,Fiction
9780740721946,Fiction
9780742529786,Nonfiction
9780743202411,Nonfiction
9780743202558,Nonfiction
9780743222983,Nonfiction
9780743233217,Nonfiction
9780743250979,Nonfiction
9780743255486,Nonfiction
9780743267748,Nonfiction
9780743269513,Nonfiction
9780743270205,Nonfiction
9780743272094,Nonfiction
9780743272773,Nonfiction
9780743284288,Nonfiction
9780743292542,Fiction
9780743297264,Fiction
9780743297301,Nonfiction
9780743406567,Nonfiction
9780743428958,Fiction
9780743440745,Fiction
9780743449656,Fiction
9780743449670,Nonfiction
9780743461511,Fiction
9780743468596,Nonfiction
9780743477888,Fiction
9780743495929,Nonfiction
9780744001402,Nonfiction
9780744004410,Fiction
9780744004441,Fiction
9780744005615,Fiction
9780744005837,Fiction
9780744006452,Fiction
9780744520057,Fiction
9780744578263,Fiction
9780744598636,Nonfiction
9780745317885,Nonfiction
9780745622088,Nonfiction
9780745633794,Nonfiction
9780745950549,Nonfiction
9780747238904,Fiction
9780747252139,Fiction
9780747264866,Fiction
9780747266976,Fiction
9780747267430,Fiction
9780747267454,Fiction
9780747267621,Fiction
9780747268468,Fiction
9780747268475,Fiction
9780747541608,Nonfiction
9780747544210,Fiction
9780747553663,Nonfiction
9780747553861,Fiction
9780747563006,Nonfiction
9780747564171,Fiction
9780747566823,Fiction
9780747569114,Fiction
9780747569121,Nonfiction
9780747569138,Nonfiction
9780747572930,Nonfiction
9780747573623,Fiction
9780747573647,Fiction
9780747574651,Fiction
9780747575474,Fiction
9780749305796,Nonfiction
9780749307844,Nonfiction
9780749858520,Fiction
9780749858537,Fiction
9780749919443,Nonfiction
9780749934422,Fiction
9780750244916,Fiction
9780750666008,Nonfiction
9780751504330,Fiction
9780751504354,Fiction
9780751504385,Fiction
9780751504835,Fiction
9780751517200,Fiction
9780751527346,Fiction
9780751529814,Nonfiction
9780751531244,Fiction
9780751535389,Fiction
9780752224411,Fiction
9780752834528,Fiction
9780752842691,Fiction
9780752848266,Fiction
9780752851310,Fiction
9780752851808,Fiction
9780752852614,Fiction
9780752853697,Fiction
9780752857930,Fiction
9780752858470,Fiction
9780752858623,Fiction
9780752858654,Fiction
9780752858937,Fiction
9780752861746,Fiction
9780753809259,Fiction
9780753810743,Fiction
9780753813959,Fiction
9780753814413,Fiction
9780753817988,Fiction
9780755301942,Fiction
9780755301973,Fiction
9780755305308,Fiction
9780755311514,Fiction
9780756605926,Fiction
9780756615512,Nonfiction
9780756620950,Fiction
9780756626365,Nonfiction
9780760329634,Nonfiction
9780760728505,Fiction
9780761501664,Fiction
9780761512196,Nonfiction
9780761542919,Fiction
9780761545644,Fiction
9780761554912,Fiction
9780761555483,Fiction
9780761929949,Nonfiction
9780761956921,Nonfiction
9780762408283,Fiction
9780762419227,Nonfiction
9780763626150,Nonfiction
9780764122781,Nonfiction
9780764134289,Nonfiction
9780764525681,Nonfiction
9780764553028,Nonfiction
9780764553134,Nonfiction
9780764555893,Nonfiction
9780764596865,Nonfiction
9780765347985,Fiction
9780767906289,Nonfiction
9780767908207,Nonfiction
9780767909266,Nonfiction
9780767910439,Nonfiction
9780767911795,Nonfiction
9780767914222,Nonfiction
9780767915304,Nonfiction
9780767915748,Fiction
9780767920094,Nonfiction
9780767920742,Nonfiction
9780767921961,Nonfiction
9780770517120,Fiction
9780771008740,Fiction
9780771014178,Fiction
9780771065262,Fiction
9780781731836,Nonfiction
9780783502502,Nonfiction
9780785113799,Fiction
9780785114154,Fiction
9780785260059,Nonfiction
9780786282258,Fiction
9780786282821,Fiction
9780786647972,Nonfiction
9780786715794,Nonfiction
9780786717675,Nonfiction
9780786811052,Nonfiction
9780786868698,Nonfiction
9780786884407,Nonfiction
9780786943333,Fiction
9780787960759,Fiction
9780787967413,Nonfiction
9780787968335,Nonfiction
9780787976286,Fiction
9780787976385,Fiction
9780789313508,Fiction
9780792253143,Nonfiction
9780792273639,Nonfiction
9780800730307,Nonfiction
9780802139702,Fiction
9780802715524,Nonfiction
9780802829665,Nonfiction
9780804006941,Nonfiction
9780804111645,Nonfiction
9780805060164,Fiction
9780805063899,Nonfiction
9780805065374,Nonfiction
9780805072839,Nonfiction
9780805211160,Nonfiction
9780805359091,Nonfiction
9780805372762,Nonfiction
9780805832891,Nonfiction
9780806114569,Nonfiction
9780806115603,Nonfiction
9780806520155,Fiction
9780806523491,Fiction
9780806524276,Fiction
9780807014264,Nonfiction
9780807066812,Fiction
9780807085738,Nonfiction
9780810959118,Fiction
9780810959361,Fiction
9780810992597,Fiction
9780811828031,Nonfiction
9780811833462,Nonfiction
9780811848831,Fiction
9780812694536,Nonfiction
9780812696110,Nonfiction
9780812927313,Fiction
9780812927634,Nonfiction
9780812971422,Nonfiction
9780812975215,Nonfiction
9780812976564,Fiction
9780813520186,Fiction
9780814317327,Fiction
9780814326114,Nonfiction
9780816736911,Fiction
9780820320977,Fiction
9780821221846,Nonfiction
9780821221860,Nonfiction
9780821221877,Nonfiction
9780822013549,Fiction
9780822216315,Fiction
9780822318644,Nonfiction
9780822331131,Nonfiction
9780823006571,Fiction
9780823078943,Fiction
9780826414533,Nonfiction
9780826514707,Fiction
9780835608473,Nonfiction
9780836204384,Fiction
9780836217353,Fiction
9780836217698,Fiction
9780836218527,Fiction
9780838526958,Nonfiction
9780851708706,Fiction
9780859653725,Fiction
9780861366583,Fiction
9780861661411,Fiction
9780861711765,Nonfiction
9780865344921,Fiction
9780865476066,Nonfiction
9780870610639,Nonfiction
9780872201934,Fiction
9780872207363,Nonfiction
9780872860025,Fiction
9780872863101,Fiction
9780873387804,Fiction
9780874778717,Nonfiction
9780875168166,Fiction
9780875428321,Nonfiction
9780881507195,Nonfiction
9780881927696,Nonfiction
9780884196488,Nonfiction
9780887309427,Nonfiction
9780887511127,Nonfiction
9780887847448,Nonfiction
9780892817580,Fiction
9780892818006,Nonfiction
9780892967896,Fiction
9780895260789,Fiction
9780895941411,Nonfiction
9780896087644,Nonfiction
9780896583214,Fiction
9780896892026,Nonfiction
9780896892934,Fiction
9780898599596,Nonfiction
9780898868098,Nonfiction
9780919123700,Fiction
9780922729487,Nonfiction
9780922915613,Fiction
9780934380232,Nonfiction
9780936197449,Nonfiction
9780938045557,Nonfiction
9780938497196,Nonfiction
9780939682041,Fiction
9780940450660,Fiction
9780940450738,Nonfiction
9780960989867,Nonfiction
9780961392178,Nonfiction
9780961462093,Nonfiction
9780964326194,Fiction
9780965020596,Fiction
9780965470803,Fiction
9780965604925,Fiction
9780966264920,Fiction
9780966410075,Nonfiction
9780969876748,Fiction
9780970312532,Nonfiction
9780971316829,Fiction
9780971500761,Nonfiction
9780972016414,Fiction
9780972018418,Nonfiction
9780972851725,Nonfiction
9780974514055,Nonfiction
9780975323113,Nonfiction
9780976694007,Nonfiction
9780976694021,Nonfiction
9780977312795,Fiction
9781400016082,Nonfiction
9781400031771,Nonfiction
9781400032389,Nonfiction
9781400033171,Nonfiction
9781400040353,Fiction
9781400040360,Fiction
9781400044740,Nonfiction
9781400046843,Nonfiction
9781400047338,Fiction
9781400047833,Fiction
9781400051571,Nonfiction
9781400052370,Nonfiction
9781400052387,Fiction
9781400054206,Nonfiction
9781400062454,Nonfiction
9781400064892,Nonfiction
9781400065011,Fiction
9781400076819,Nonfiction
9781400076857,Nonfiction
9781400078394,Nonfiction
9781400079094,Nonfiction
9781401210014,Fiction
9781401211349,Nonfiction
9781401300463,Nonfiction
9781401301941,Fiction
9781401301958,Nonfiction
9781401359348,Nonfiction
9781401850685,Nonfiction
9781401903091,Nonfiction
9781401917173,Nonfiction
9781402200458,Nonfiction
9781402580352,Fiction
9781402718618,Nonfiction
9781402720222,Nonfiction
9781403356208,Fiction
9781403967213,Nonfiction
9781405201711,Fiction
9781405203944,Fiction
9781405203951,Fiction
9781405228183,Fiction
9781406904833,Nonfiction
9781411401006,Nonfiction
9781411404366,Nonfiction
9781411665309,Nonfiction
9781413480948,Fiction
9781416502043,Fiction
9781416914631,Nonfiction
9781416916321,Nonfiction
9781416947400,Fiction
9781419317262,Fiction
9781419542206,Fiction
9781421500492,Nonfiction
9781423600763,Nonfiction
9781550225402,Fiction
9781551052700,Nonfiction
9781556432460,Nonfiction
9781556434303,Nonfiction
9781556434952,Nonfiction
9781556525131,Fiction
9781557046765,Fiction
9781557046864,Fiction
9781557047410,Fiction
9781557280244,Fiction
9781557830418,Fiction
9781558492769,Nonfiction
9781559636629,Nonfiction
9781560251149,Nonfiction
9781560257011,Fiction
9781560258247,Nonfiction
9781561381487,Nonfiction
9781561706600,Fiction
9781561709335,Nonfiction
9781561796779,Nonfiction
9781563050756,Fiction
9781563898945,Nonfiction
9781563899881,Nonfiction
9781564775009,Nonfiction
9781565047082,Fiction
9781565124820,Fiction
9781565840089,Nonfiction
9781565844759,Fiction
9781566633949,Nonfiction
9781566915908,Nonfiction
9781568821405,Fiction
9781568821443,Fiction
9781568821481,Fiction
9781568821740,Fiction
9781568821788,Fiction
9781568821801,Fiction
9781568821870,Fiction
9781568984957,Fiction
9781569246818,Nonfiction
9781569719602,Fiction
9781569755662,Fiction
9781570671043,Nonfiction
9781570671814,Nonfiction
9781570715839,Nonfiction
9781571741028,Nonfiction
9781572244252,Nonfiction
9781572307025,Nonfiction
9781573223560,Nonfiction
9781573442213,Nonfiction
9781574671322,Nonfiction
9781576753514,Nonfiction
9781576839546,Nonfiction
9781577310761,Fiction
9781577312055,Nonfiction
9781579510022,Fiction
9781579546465,Nonfiction
9781579652524,Nonfiction
9781579905088,Nonfiction
9781580012591,Nonfiction
9781580051880,Nonfiction
9781580086813,Nonfiction
9781580175203,Nonfiction
9781580420815,Nonfiction
9781580624596,Nonfiction
9781580931779,Nonfiction
9781580931861,Nonfiction
9781581807592,Fiction
9781581807745,Nonfiction
9781582343495,Fiction
9781582972947,Fiction
9781583224892,Nonfiction
9781583332054,Nonfiction
9781584281344,Nonfiction
9781584794943,Nonfiction
9781585004843,Fiction
9781585424337,Nonfiction
9781585425549,Nonfiction
9781586633578,Fiction
9781586638221,Nonfiction
9781586857721,Nonfiction
9781587610912,Nonfiction
9781587612213,Nonfiction
9781589943070,Fiction
9781589971288,Nonfiction
9781590171707,Nonfiction
9781590300060,Nonfiction
9781590300107,Nonfiction
9781590301876,Nonfiction
9781590303160,Nonfiction
9781590592168,Nonfiction
9781590593899,Nonfiction
9781590596241,Nonfiction
9781591391678,Nonfiction
9781591583660,Nonfiction
9781592000678,Fiction
9781592530878,Nonfiction
9781592851614,Nonfiction
9781593080648,Fiction
9781593851170,Nonfiction
9781593854461,Nonfiction
9781594731402,Nonfiction
9781594862953,Nonfiction
9781595820617,Fiction
9781595820631,Fiction
9781740596466,Nonfiction
9781740597401,Nonfiction
9781740597463,Nonfiction
9781740597623,Nonfiction
9781740597715,Nonfiction
9781740599085,Nonfiction
9781740599245,Nonfiction
9781741040913,Nonfiction
9781741042955,Nonfiction
9781741044768,Nonfiction
9781741045918,Nonfiction
9781741140378,Nonfiction
9781741142396,Fiction
9781790877799,Fiction
9781840220551,Fiction
9781840233803,Fiction
9781840237870,Fiction
9781840239249,Fiction
9781840460278,Fiction
9781841150352,Fiction
9781841156736,Fiction
9781841157481,Fiction
9781841157498,Fiction
9781841491837,Fiction
9781841492056,Fiction
9781841492667,Fiction
9781841492704,Fiction
9781841492872,Fiction
9781841493558,Fiction
9781841494081,Nonfiction
9781841591056,Nonfiction
9781841591162,Fiction
9781841591384,Fiction
9781841811109,Nonfiction
9781841953670,Fiction
9781841954318,Fiction
9781842163863,Fiction
9781842552476,Fiction
9781842931851,Nonfiction
9781843103318,Nonfiction
9781843534099,Nonfiction
9781843541677,Fiction
9781844130801,Nonfiction
9781844494248,Nonfiction
9781844670222,Nonfiction
9781845390105,Fiction
9781845760182,Fiction
9781852402877,Nonfiction
9781852421175,Nonfiction
9781852428082,Nonfiction
9781852864989,Fiction
9781854790477,Fiction
9781855384279,Nonfiction
9781857024074,Fiction
9781857027129,Nonfiction
9781857028157,Fiction
9781857150940,Fiction
9781857151336,Fiction
9781857152746,Fiction
9781857231106,Fiction
9781857231359,Fiction
9781857232561,Fiction
9781857233940,Nonfiction
9781857234022,Fiction
9781857237382,Fiction
9781857237504,Fiction
9781857237641,Fiction
9781857239706,Fiction
9781857880786,Nonfiction
9781857983418,Fiction
9781857988093,Fiction
9781857988192,Fiction
9781857988376,Fiction
9781857989120,Fiction
9781857989342,Fiction
9781859605158,Nonfiction
9781859843833,Nonfiction
9781859848982,Nonfiction
9781860460586,Fiction
9781860467219,Fiction
9781860467226,Fiction
9781860469015,Fiction
9781860492914,Nonfiction
9781860499296,Fiction
9781861891846,Nonfiction
9781861974426,Nonfiction
9781861977694,Fiction
9781861979339,Nonfiction
9781862073708,Nonfiction
9781862074057,Fiction
9781862301382,Fiction
9781864503821,Nonfiction
9781879181489,Nonfiction
9781880393338,Nonfiction
9781880656419,Nonfiction
9781880685358,Fiction
9781881244066,Nonfiction
9781883011079,Fiction
9781883398293,Fiction
9781883477370,Nonfiction
9781885972101,Fiction
9781888690088,Nonfiction
9781889963853,Fiction
9781890159191,Fiction
9781890447168,Fiction
9781890995522,Nonfiction
9781891190230,Fiction
9781892062437,Fiction
9781892395566,Nonfiction
9781893007161,Nonfiction
9781894925020,Nonfiction
9781898573456,Nonfiction
9781903015070,Nonfiction
9781903252048,Fiction
9781903809501,Nonfiction
9781904233190,Fiction
9781904633273,Fiction
9781904919520,Fiction
9781904920359,Nonfiction
9781929229482,Nonfiction
9781929241637,Nonfiction
9781931615037,Nonfiction
9781931882200,Nonfiction
9781932073201,Fiction
9781932206081,Nonfiction
9781932206104,Nonfiction
9781932361278,Fiction
9781932855418,Nonfiction
9781933045252,Fiction
9781933440170,Fiction
9781933615097,Nonfiction
9781933633107,Fiction
9781933771137,Nonfiction
9781933771175,Fiction
9781934169070,Fiction
9783110172799,Nonfiction
9783856305581,Nonfiction
9783861878759,Fiction
9783895086908,Fiction
9784766113389,Fiction
9784770028037,Nonfiction
9788125026600,Fiction
9788171565641,Fiction
9788172235222,Fiction
9788173031014,Nonfiction
9788179921623,Fiction
